{
  "transactions": 150000,
  "supply": 67365368.31,
  "reserves": 85819720.7,
  "price_usd": 0.062676,
  "chart": [
    [
      1770635261520,
      0.06191405161162517
    ],
    [
      1770649719104,
      0.0619411842865631
    ],
    [
      1770664098693,
      0.0621033614784243
    ],
    [
      1770678492141,
      0.06213391876876897
    ],
    [
      1770692871889,
      0.06205907931645938
    ],
    [
      1770707085899,
      0.061916228637443414
    ],
    [
      1770721405628,
      0.06209403058724462
    ],
    [
      1770735871617,
      0.062115768118586566
    ],
    [
      1770750227358,
      0.06204439416143009
    ],
    [
      1770764662676,
      0.06206199010901839
    ],
    [
      1770779026714,
      0.06213733147694413
    ],
    [
      1770793434042,
      0.06203461774783273
    ],
    [
      1770807851388,
      0.062312568534224566
    ],
    [
      1770822235462,
      0.06224598757716334
    ],
    [
      1770836645968,
      0.06213815958803688
    ],
    [
      1770851150407,
      0.06235254169538844
    ],
    [
      1770865400668,
      0.06238074306046408
    ],
    [
      1770879812107,
      0.06241721541149287
    ],
    [
      1770894300000,
      0.06235056535370749
    ],
    [
      1770908622941,
      0.06236350161121722
    ],
    [
      1770923072903,
      0.06227331835565616
    ],
    [
      1770937367469,
      0.062297003536516384
    ],
    [
      1770951918570,
      0.06228591631828269
    ],
    [
      1770966270858,
      0.062386475640345586
    ],
    [
      1770980583646,
      0.062325914648938566
    ],
    [
      1770994993123,
      0.06241930547065577
    ],
    [
      1771009446725,
      0.062421749131045194
    ],
    [
      1771023821990,
      0.062469534876420596
    ],
    [
      1771038137319,
      0.06251235005799481
    ],
    [
      1771052647116,
      0.062490857004355554
    ],
    [
      1771067075435,
      0.06253323328049541
    ],
    [
      1771081443398,
      0.06250442027397618
    ],
    [
      1771095827013,
      0.062498865564273746
    ],
    [
      1771110204864,
      0.06250218979469367
    ],
    [
      1771124607752,
      0.06250287688199342
    ],
    [
      1771139068510,
      0.0625549167510654
    ],
    [
      1771153440826,
      0.06250723239882491
    ],
    [
      1771167908813,
      0.062445410442202774
    ],
    [
      1771182247915,
      0.06234067402438435
    ],
    [
      1771196728239,
      0.06228037428176989
    ],
    [
      1771211021438,
      0.06247013930041983
    ],
    [
      1771225497000,
      0.0625794232353944
    ],
    [
      1771239884723,
      0.06268231386424697
    ]
  ],
  "lastUpdated": "2026-02-16T11:05:06.195Z"
}