{
  "transactions": 150000,
  "supply": 67365368.31,
  "reserves": 85819720.7,
  "price_usd": 0.062525,
  "chart": [
    [
      1770638867286,
      0.06191870435685711
    ],
    [
      1770653310046,
      0.061929167606228866
    ],
    [
      1770667675667,
      0.0621222044602459
    ],
    [
      1770682103355,
      0.06212806352413477
    ],
    [
      1770696490052,
      0.06192745343030351
    ],
    [
      1770710583743,
      0.06207008995066739
    ],
    [
      1770725089000,
      0.062075592086680266
    ],
    [
      1770739449424,
      0.062069332611817886
    ],
    [
      1770753887760,
      0.062047434141429665
    ],
    [
      1770768367474,
      0.06203813904009303
    ],
    [
      1770782608669,
      0.06204113915612004
    ],
    [
      1770797084941,
      0.06201909246593273
    ],
    [
      1770811522132,
      0.062284843296207745
    ],
    [
      1770825887601,
      0.06215420010456538
    ],
    [
      1770840285874,
      0.06211076529003198
    ],
    [
      1770854658817,
      0.06237640657606353
    ],
    [
      1770869061668,
      0.062348582849049344
    ],
    [
      1770883475188,
      0.06241028066147999
    ],
    [
      1770897849574,
      0.06232326718524973
    ],
    [
      1770912221376,
      0.062362780706821865
    ],
    [
      1770926628879,
      0.06221425479431163
    ],
    [
      1770941077622,
      0.062266873218971584
    ],
    [
      1770955562470,
      0.06239361382601808
    ],
    [
      1770969858262,
      0.06242313373359814
    ],
    [
      1770984174459,
      0.062309063393410295
    ],
    [
      1770998579961,
      0.06241292858582576
    ],
    [
      1771013077050,
      0.06243359089532041
    ],
    [
      1771027402729,
      0.06248557400691102
    ],
    [
      1771041833727,
      0.06251261231827333
    ],
    [
      1771056291068,
      0.062491043055924955
    ],
    [
      1771070638300,
      0.06249556439478903
    ],
    [
      1771085090367,
      0.0625010601503211
    ],
    [
      1771099485046,
      0.0625038703882879
    ],
    [
      1771113868105,
      0.06253488546553276
    ],
    [
      1771128289712,
      0.062481909227590615
    ],
    [
      1771142596120,
      0.0625741258177057
    ],
    [
      1771157016640,
      0.06250582816648023
    ],
    [
      1771171469726,
      0.06237386226611763
    ],
    [
      1771185886547,
      0.0623500147958301
    ],
    [
      1771200190874,
      0.06250067664343559
    ],
    [
      1771214604435,
      0.06253453677535106
    ],
    [
      1771229046156,
      0.06262564890875741
    ],
    [
      1771244051000,
      0.06252511314848379
    ]
  ],
  "lastUpdated": "2026-02-16T12:14:14.491Z",
  "lastAttemptedAt": "2026-02-16T12:14:14.491Z",
  "sources": {
    "transparency": {
      "status": "ok",
      "checkedAt": "2026-02-16T12:14:14.491Z",
      "message": "Transparency page parsed successfully"
    },
    "coingecko": {
      "status": "ok",
      "checkedAt": "2026-02-16T12:14:14.491Z",
      "message": "CoinGecko price fetched successfully"
    },
    "chart": {
      "status": "ok",
      "checkedAt": "2026-02-16T12:14:14.491Z",
      "message": "Chart updated with 43 points"
    }
  }
}